factor,type,direction,ic_mean,ic_std,ic_ir,ic_positive_ratio,sharpe,long_sharpe,short_sharpe,ann_ret,long_ann_ret,short_ann_ret,max_dd,final_nav,n_days,avg_valid_count,ret_2022,ret_2023,ret_2024,ret_2025
trade_size_skew,Intraday,1,0.04497428741984847,0.09926205590244755,0.45308635288780064,0.6778846153846154,2.8995548477186457,-0.22565391141883018,0.9846486915209479,0.3749567875132189,-0.40094672211132354,0.6130001752784504,-0.08611541281272894,3.5615635716368703,1456,208.5359342915811,0.32479997250102466,0.17615749852846396,0.26727084003276014,0.8036632918740163
taker_imbalance_std,Intraday,1,0.06976971088993433,0.1462281334879058,0.47712915739578426,0.6881868131868132,2.6003146549505227,0.07996597752804496,0.8910165561498873,0.49932969365720803,-0.2316415334157944,0.48862343274723785,-0.1005243315706309,5.031076587026879,1456,209.97056810403834,0.7283928442329111,0.32566386365133804,0.32385161110424554,0.65861558802747
taker_residual_std,Intraday,1,0.06997685240693036,0.1496678587627353,0.4675475971256255,0.6840659340659341,2.465272660145001,0.07541194349722505,0.8537075619461081,0.47343660319057257,-0.23038091381640546,0.4409588609464308,-0.09105019975731654,4.693329975921973,1456,209.70773442847366,0.6704597068773921,0.2829190922446263,0.2708183858787456,0.7233057105869649
max_buy_pressure_1h,Intraday,1,0.043543336010755634,0.10874686486662727,0.4004099985784365,0.6586538461538461,2.184892154838087,-0.16851650583142674,0.7950852738885674,0.2973280525254236,-0.3681733383604944,0.3746741260405462,-0.08740726022387069,2.8246219799399968,1456,209.97056810403834,0.3609238531281025,0.19863656661134454,0.20311136320634415,0.43923978922962803
high_vol_up_reversal,Intraday,1,0.1045025280879287,0.21675762902807408,0.48211693279420575,0.7032967032967034,2.139606727435725,-0.04976639313959176,1.0343339033961367,0.5535289097244904,-0.2297372939019805,0.7007193299502767,-0.20578709128314376,5.796698438009463,1456,208.5359342915811,1.0062791370771822,0.23507169801798877,0.3348840081888611,0.7524823409945256
market_r2,Intraday,1,0.07549241638296408,0.14382922548333552,0.5248753226649172,0.6948453608247422,2.0871184851146407,-0.17760392426377178,1.0476209390543845,0.39785423432604605,-0.3800981487138041,0.6849748705288263,-0.156283087620658,3.8006240900467945,1455,208.92470910335388,0.6605202851176026,0.3614144981649532,0.24306461894462017,0.352466930179252
down_vol_ratio,Intraday,1,0.04225676527108382,0.12025009977363797,0.3514072906097889,0.6407967032967034,2.074313597451942,-0.2823952677671287,0.9258878012892829,0.2932814124964602,-0.4355161387322015,0.5328564618919032,-0.19973833790826911,2.7896396672771298,1456,209.70773442847366,0.5048185887405285,0.19491789558920547,0.20622852756262122,0.286163858848941
rsv_asymmetry,Intraday,1,0.04225652883132769,0.12025007593995993,0.3514053940254654,0.6407967032967034,2.074313597451942,-0.2823952677671287,0.9258878012892829,0.2932814124964602,-0.4355161387322015,0.5328564618919032,-0.19973833790826911,2.7896396672771298,1456,209.70773442847366,0.5048185887405285,0.19491789558920547,0.20622852756262122,0.286163858848941
early_main_diff,Intraday,1,0.03946917806985438,0.15701431588803633,0.25137310144552694,0.5947802197802198,2.018893061167658,-0.2778168666026702,1.0873967017402302,0.36606579461676025,-0.45971707381500204,0.7486764641439774,-0.18416920720926244,3.4705783051091736,1456,209.97056810403834,0.7608541924427947,0.20242608129532624,0.2039294567638732,0.36150431984471254
gamma_down,Intraday,1,0.08127354788664733,0.1816101400924508,0.44751655039805904,0.6923076923076923,1.7865587038909578,-0.1471050021093225,0.8570786621278967,0.39082984135551135,-0.31756001314334137,0.44046416970894464,-0.1675820852140577,3.728428979841346,1456,208.5359342915811,0.570705806101669,0.15447358970059377,0.27775043698998414,0.6091665099846633
high_vol_down_momentum,Intraday,1,0.10127997554827874,0.2220977810311489,0.45601523129995636,0.695054945054945,1.7669719664165229,-0.11740405208975535,0.9132305744597734,0.4426950964596792,-0.261672813196442,0.5190347232710162,-0.22522678815152897,4.3147321827008716,1456,208.5359342915811,0.7551215208797899,0.17117537788388248,0.22248889817431539,0.7170375594857039
pv_divergence,Daily,1,0.02981031218678153,0.11531723305791279,0.25850697949664536,0.6064560439560439,1.7600944264171574,-0.35339879215098163,0.8885359513556111,0.2397586051864573,-0.46547775125856394,0.4860261895140727,-0.2124766701992692,2.356815865136312,1456,206.11841204654345,0.30542574190330307,0.2510355296206732,-0.1076674138409518,0.6172497173491134
min_1h_ret,Intraday,1,0.07468674251074038,0.20246225913732285,0.36889215372807593,0.657967032967033,1.601916894027611,-0.15015684594913503,0.8053441427421177,0.3494246007216133,-0.2845081321770665,0.3769003684581287,-0.16087875443568556,3.304975215172824,1456,209.97056810403834,0.5191844109737389,0.18583193504764495,0.2537961868256855,0.4632132495582757
illiq_variability,Intraday,1,0.05425570629165143,0.1484686106539419,0.3654355112391955,0.6524725274725275,1.5708684632755419,-0.11848960919576819,0.6794174413779269,0.26595491103469215,-0.3423928550201878,0.23937179577301593,-0.1163910060584028,2.561831491051161,1456,208.5359342915811,0.46942011795898764,0.10491331022172257,0.08726215159979644,0.451249566049607
info_entropy,Intraday,1,0.023868254173610597,0.12003830226599074,0.19883863512443728,0.584478021978022,1.5599151656224604,-0.3384875435079905,0.8564720441256963,0.20723226407278017,-0.47409477638973574,0.44563786313865594,-0.17829174140174264,2.1196638687529723,1456,209.70773442847366,0.23146552180736557,0.34142415052836017,0.22531173946318162,0.04720576530892395
info_uniformity,Intraday,1,0.023868254173610597,0.12003830226599074,0.19883863512443728,0.584478021978022,1.5599151656224604,-0.3384875435079905,0.8564720441256963,0.20723226407278017,-0.47409477638973574,0.44563786313865594,-0.17829174140174264,2.1196638687529723,1456,209.70773442847366,0.23146552180736557,0.34142415052836017,0.22531173946318162,0.04720576530892395
amihud_illiq,Intraday,1,0.040388413233818844,0.12611729701242122,0.3202448116802955,0.6277472527472527,1.5497483200431328,-0.11429716893050045,0.5778850301258132,0.21583997030123547,-0.3073939496001846,0.14179302788579418,-0.222847243306331,2.1805975194746976,1456,208.5359342915811,0.3129458854424172,0.1285096254538718,-0.07760446467579019,0.595534602999082
amihud_illiq_log,Intraday,1,0.02966178367691975,0.12001545580528271,0.24714967756775671,0.5968406593406593,1.5080959385021329,-0.07599592561586196,0.5159973679373362,0.19897509851632678,-0.2874132278375424,0.08688308588957905,-0.1944221578830656,2.062419376987025,1456,208.5359342915811,0.35917689895593674,0.11806760103462088,-0.0805483630762498,0.4760601064353349
vol_uniformity,Intraday,1,0.01840389384733309,0.11248662108936071,0.16360961004079516,0.5611263736263736,1.4951930614489015,-0.265895968502523,0.7276868069301151,0.1819485081567862,-0.4496735797187067,0.30624057118962167,-0.1885164834042493,1.9480433931753145,1456,208.5359342915811,0.38243972538500026,0.35087144448212015,0.21036607323454515,-0.13816989938723467
vol_dist_entropy,Intraday,1,0.018784771505651523,0.11219462593243126,0.1674302104511001,0.5611263736263736,1.478139743333303,-0.2652367571862209,0.7220786418864912,0.1793486457294029,-0.4493802881085385,0.3003980356884324,-0.17980707576959776,1.9310064772337154,1456,208.5359342915811,0.3486306634405405,0.37581194716520105,0.1894217126062121,-0.12502476300237553
hourly_vol_stability,Intraday,1,0.01510848270846514,0.11194574438839273,0.1349625342292721,0.5645604395604396,1.4394749940761138,-0.2598767889419402,0.6984659790470952,0.17065213837262605,-0.447467360806561,0.27673266548453346,-0.19529438850628333,1.8748285427595224,1456,208.53524982888433,0.3149034954938561,0.35597672723651197,0.21517259737832317,-0.1346785415534616
head_vol_ratio,Intraday,1,0.011230960490782864,0.10584186581522789,0.1061107468502275,0.5302197802197802,1.2969242844258717,-0.4524528950536434,0.7975443726356809,0.15372237082987672,-0.498226363211163,0.3800645466887036,-0.12981248284644709,1.768987208770281,1456,208.5359342915811,0.4265240266541075,-0.013297682635748487,0.18325116677300968,0.06214182852039163
lower_shadow,Daily,1,0.020389281677226277,0.12813401997468363,0.15912464223012995,0.5652472527472527,1.1776195526032625,-0.412246636370407,0.7751247215098602,0.1581237580275392,-0.48259415560085583,0.3534985482645825,-0.1348617169856301,1.7960614816812757,1456,209.97056810403834,0.38720926516240506,0.08401657436381704,-0.03956572938512526,0.24358549382855177
vol_cv,Intraday,1,0.034473260969443364,0.12393659919858434,0.27815236508695074,0.6263736263736264,1.1578431270133223,-0.24897255250267858,0.5734771360007257,0.15906510576814625,-0.3999787371549808,0.1255326285917513,-0.17146960331949745,1.8018920697365248,1456,208.5359342915811,-0.0023736104934649616,0.0026691738229218664,0.033268136631692924,0.7433723148653053
vol_gini,Intraday,1,0.033457308750429016,0.13991182224586543,0.23913137447614066,0.6050824175824175,1.0827708863278491,-0.3051295164471254,0.6212552111710291,0.16129411125688375,-0.41695958482973583,0.17176617545962136,-0.16783307017943583,1.815754794596377,1456,208.5359342915811,0.1650953830765951,-0.06817113231950556,-0.03267856539711156,0.7289751305242385
ret_autocorr_1,Intraday,1,0.0009490594687066513,0.10270445259602581,0.009240683848759807,0.5068681318681318,1.0623048720010873,-0.2854174180577859,0.5855301244974418,0.11186602226790932,-0.45475348657271075,0.16663294338208123,-0.14469207005557738,1.5265293210476445,1456,209.70773442847366,0.03440889167263306,0.014085637473173263,0.12363032642907767,0.2951343482846651
max_drawdown_intra,Intraday,1,0.06810922426978412,0.21080883215716462,0.32308523481669976,0.6396148555708391,1.048747384529286,-0.2963331411269789,0.6768584818615202,0.21388807476724203,-0.3508976116384621,0.21965821260542362,-0.21426290272337745,2.16436658907072,1454,209.74058863791925,0.2093414943395413,0.08993959105919358,0.07698129758034433,0.5246539279066647
gap_factor,Daily,1,0.004914930137907055,0.08944017322207908,0.05495214746713268,0.5199175824175825,0.9020474984988905,-0.21217267897136638,0.41750135252345755,0.08096742072478169,-0.4271667235899459,0.00862407787629671,-0.16230862817404057,1.3642057342770542,1456,205.02053388090349,-0.09478019610133348,0.11201174715604023,0.17664486168966587,0.1517840135289541
var_5pct,Daily,1,0.0479089289318471,0.23206203234237416,0.2064487946769182,0.5769230769230769,0.7509817824628829,-0.2618714463846601,0.5012301985157411,0.13999825948661915,-0.3277104518303854,0.02972502117281217,-0.24383616948100972,1.6865264067579544,1456,195.06913073237507,0.30127151987505374,-0.050092163601543005,0.18643283044534975,0.15000729300042948
cvar_5pct,Daily,1,0.0463536755662166,0.22874426683049592,0.2026440888860603,0.5831043956043956,0.6894858508995144,-0.16254174875911714,0.4060922460044365,0.12457496934160739,-0.27887673168437277,-0.05337456848105682,-0.22943126657595858,1.5973308302092977,1456,195.06913073237507,0.3283423967412853,-0.06362098047733189,0.12854311874746505,0.13792858854628864
cpv_change,Intraday,-1,0.002393802790451406,0.12172983853380276,0.019664879397156887,0.5157967032967032,0.5809303435077711,-0.503038148680182,0.6738744440973575,0.0660730263361986,-0.5244515552970407,0.24684871330074443,-0.1799747974550291,1.2907534825935114,1456,208.53045859000684,0.04814662443631734,0.09843617365026591,0.1119700298407591,0.008215469381247509
pv_sync,Intraday,-1,0.0022662979696357888,0.09220609326144494,0.024578611279232086,0.5041208791208791,0.5660847660579585,-0.3251289340953884,0.4566426439209973,0.05223088330756531,-0.44872396511371193,0.04426919803750429,-0.16105394764369385,1.2251855456521357,1456,209.97056810403834,-0.05308484588442186,0.1301860561724537,0.11899170874765552,0.02309034016649858
up_time_center,Intraday,1,0.011509207886614612,0.12506904666510535,0.09202282477777508,0.554945054945055,0.5507463329116691,-0.6060629948882321,0.7892352540368908,0.06830510258123756,-0.5651311163363093,0.36974403055934557,-0.16745909503012257,1.3015676381224335,1456,209.70773442847366,0.06847330644127148,0.12283001266788274,0.0024902718042614236,0.0822033791537864
pv_corr,Intraday,-1,0.008882918419664512,0.1048750452354888,0.08470001183521295,0.5350274725274725,0.4719145699954508,-0.42919317441766835,0.5397879042234222,0.04772058765080023,-0.48998096081016185,0.1133484576781183,-0.2248007649908288,1.2043703166071356,1456,208.5359342915811,-0.13723117014961195,0.07542900151763554,0.10834005811501801,0.17114541529089156
ret_autocorr_30,Intraday,1,0.0002312246555462581,0.0929535013358883,0.002487530080609068,0.5212912087912088,0.4219254290745904,-0.4279279609547334,0.5340585152814729,0.03837515893518262,-0.5001889644540216,0.11236811588918205,-0.11120199577964818,1.1620851050817291,1456,209.70773442847366,0.10170309129265576,0.019940397068864746,0.028617548119284297,0.0054133423518663015
big_small_ret_diff,Intraday,1,0.0003579136781822027,0.10970235060468198,0.0032625886645408007,0.5061813186813187,0.35601916449863585,-0.5403286107406781,0.5988450853034896,0.03596297857413466,-0.5413812482792977,0.15713445236614465,-0.1694819773780879,1.1513537677881744,1456,208.5359342915811,0.0950855228390941,0.16662009143799983,-0.04400492222689123,-0.057295367527638974
tail_vol_ratio,Intraday,1,0.005229055163932005,0.10226076413923924,0.05113451573143847,0.5096153846153846,0.335979022617346,-0.42537857220810676,0.522235571690284,0.03187920317344495,-0.5000525038452366,0.10369862796278495,-0.16800638027954218,1.1333553033050117,1456,208.5359342915811,0.16102997659408458,0.06455671647830208,0.04350333676706031,-0.12126079729035577
rpv_mean,Intraday,-1,0.00803439483300866,0.1114123773376343,0.07211401734584948,0.5260989010989011,0.3266112365656847,-0.5162294538849905,0.5851052769617174,0.032061202213271356,-0.5217419001977988,0.15490020260488646,-0.2582193351493409,1.1341529109468682,1456,208.5359342915811,-0.10812360112300445,0.08646143554513297,0.055485587294105354,0.10892025801092853
body_ratio,Daily,-1,0.002196579591355508,0.12624812372290253,0.017398907426043234,0.5151098901098901,0.27654820871075847,-0.5415247095395573,0.6484111198328246,0.027627800830475113,-0.5534656918110001,0.22414287260076482,-0.25382760585206054,1.1148428983492222,1456,209.97056810403834,-0.1162086870677711,0.07655197831283034,0.2878062218405837,-0.09013193771516104
tide_position,Intraday,1,0.011496748291595844,0.11244512506265046,0.10224318095389598,0.5501373626373627,0.26472876032788306,-0.5285307822733093,0.6147667931470447,0.025553509029152544,-0.5422890967336742,0.18875024280225605,-0.1495160836661087,1.1058932531545005,1456,208.5359342915811,-0.06629347625357007,0.0829777978746149,-0.004880677686071033,0.09902634474977212
intraday_reversal,Intraday,1,0.00619560415920364,0.13056252790410355,0.04745315355124476,0.5199175824175825,0.23370666323552605,-0.5352943485746077,0.6133499838708228,0.022580667550552436,-0.566979097052765,0.17680095369920545,-0.3541567742802517,1.0931607671437407,1456,209.97056810403834,0.397504361950747,-0.08216860872841225,-0.10982433359863908,-0.042602610162723153
max_drawdown_20,Daily,1,0.03338684117105523,0.23142256934354802,0.14426786386082188,0.5556318681318682,0.19572004815150454,-0.3965275787643821,0.35831622219678766,0.01924054506195505,-0.3851818709653074,-0.10580281149925475,-0.3740373714275117,1.0789866274923567,1456,200.55373032169746,0.04629287738650767,-0.21557464132886217,0.08512644683800774,0.2115206476638769
eu_us_overlap_ret,Intraday,-1,0.0066526994521650396,0.14442662258473712,0.04606283019346732,0.5212912087912087,0.16048210115226338,-0.5596867832074811,0.5894561891095373,0.01288213838285368,-0.5511430316498395,0.1520232461810298,-0.37097673032567857,1.052385198043187,1456,209.95071868583162,0.0914886437048088,0.3030613534123945,-0.06907904837874235,-0.20516343061200037
cpv_second_half,Intraday,-1,0.012583091405297259,0.13371221505869596,0.0941057663184771,0.5302197802197802,0.16036694694168468,-0.519382206333367,0.5548684237810004,0.012716395776604994,-0.5299876790975395,0.12455335770658427,-0.2787192305176981,1.0516984265150053,1456,208.53045859000684,-0.024852899035276987,0.16612354495978288,-0.03139211313866208,-0.04516457103701177
down_time_center,Intraday,1,0.013346077681886288,0.12208485166808192,0.1093180391043971,0.5432692307692307,0.1580799045909534,-0.6762133322877498,0.72107857381221,0.012261341211291299,-0.5857007750878691,0.2961939113886518,-0.21356233752669207,1.0498145878416933,1456,209.70773442847366,0.046371311855236685,0.07632825291111223,-0.14204888321251552,0.08647439272594082
pos_neg_ratio,Intraday,1,0.0017595193806057433,0.11357203671543681,0.015492539154589242,0.5048076923076923,0.0543908940793427,-0.4714082220811932,0.47741339437573976,-0.00046519119898880135,-0.5085077817824382,0.06074533513961278,-0.28437391948706325,0.9981456229216416,1456,209.70773442847366,-0.06488822377583481,0.13051828985113567,-0.13738265836301267,0.09454747324888046
ma_score,Daily,-1,0.0332581739138792,0.12938646498749057,0.2570452121606582,0.606456043956044,0.03882245997513237,-0.4995937013187859,0.4958072394765059,-0.003440946247884713,-0.5167967928196432,0.0756557632458752,-0.26240133034360114,0.9863443503443411,1456,209.97056810403834,0.03055617202875971,-0.14962628128555544,-0.054546650692301024,0.19043848477451553
taker_residual,Intraday,1,0.00039301280977776495,0.09573256372690303,0.004105319584313228,0.5157967032967034,0.0028264707958233467,-0.3088724591309469,0.31629797655470926,-0.004295317858501568,-0.4467617041076152,-0.05878122186053303,-0.2692171925248541,0.982975479613112,1456,209.70773442847366,-0.26537352265947567,0.29035952133083476,0.0617479643056662,-0.023338789046408848
volatility_ratio,Daily,-1,0.01995316828417318,0.11664676773821216,0.17105631780891234,0.5638736263736264,-0.010395436596313494,-0.4731439525770849,0.479171833008993,-0.008299808390274444,-0.5161672522356859,0.0701653817353809,-0.26287921052742946,0.9673001507584383,1456,200.056810403833,-0.08165629835730759,-0.1355466860837572,0.13432546908899656,0.07417929426767045
large_move_ratio,Intraday,1,0.006062435377265956,0.09281900517894388,0.065314584146129,0.5247252747252747,-0.02295789993472958,-0.4162494661588995,0.4171154684092565,-0.007031781747056209,-0.49586946969029044,0.015272433694089038,-0.18350475588580306,0.9722433438387004,1456,209.97056810403834,-0.04540732949258919,0.0856254927667095,0.009176561029112351,-0.07037093173559106
channel_position,Daily,-1,0.028682593127375932,0.15574556503835824,0.1841631334971267,0.5679945054945055,-0.04632852661968124,-0.5755802281268243,0.49845067053548187,-0.018656765467816472,-0.5249954627220466,0.06510847062784775,-0.33483826347672563,0.9276269651315324,1456,205.26899383983573,-0.20605455413024865,-0.020334750243331312,0.012473345846178319,0.17793520187327738
tide_intensity,Intraday,-1,0.010873042629212612,0.11333029448269479,0.09594117547679311,0.5535714285714286,-0.07244419545713766,-0.6065298354570418,0.5783444872788086,-0.016711741320421858,-0.5655915935904162,0.15186097488740136,-0.29154163626049745,0.9349828033130905,1456,208.5359342915811,0.06313318423888692,-0.08859886533011019,0.016944077688810122,-0.05112432693586366
apm_asia_std,Intraday,1,0.0010304825623850206,0.11372436232580649,0.009061228840488243,0.5151098901098901,-0.07262890508327699,-0.5136284798543409,0.49031826709922105,-0.015409008740963182,-0.5298786427348791,0.0743044194357485,-0.3022879075259082,0.9399339567308782,1456,209.47433264887064,0.03783614062386542,0.17372426337914115,-0.16700524108742132,-0.07368179773211558
tail_risk,Daily,1,0.015707443569452376,0.1336420905862433,0.11753364770943485,0.5494505494505495,-0.08578515851240932,-0.40880421795506783,0.3329383141455087,-0.017979742645366392,-0.4525764767274526,-0.0793913150433515,-0.17529560267225086,0.9301824423246912,1456,195.06913073237507,-0.06088046318713258,-0.023027293051999687,-0.02260941053679788,0.03728160869212327
illiq_asia_us_ratio,Intraday,1,0.002511417750966082,0.10694837138001366,0.02348252230244049,0.5185439560439561,-0.10938191670857847,-0.5651314214588055,0.5474977710055752,-0.018306321326230557,-0.5585065323484288,0.12815057577090494,-0.261180983378974,0.9289490871073846,1456,208.3107460643395,-0.22664346404151392,0.14664272394990863,-0.09123724743384021,0.1527457085739481
chaikin_mf,Daily,1,0.0024048104120525785,0.13559740737575746,0.01773492783707338,0.5061813186813187,-0.16908634509788342,-0.5222487639118434,0.4197172207617589,-0.03054843591196965,-0.5090179402654795,-0.0031617407741356685,-0.32453768527785587,0.8835927049793905,1456,205.26899383983573,-0.15930025319235186,-0.1185160134166795,0.08912466106622863,0.09476066823300888
rpv_std,Intraday,-1,0.028310642148989637,0.10661958128388313,0.26552945671692085,0.5879120879120879,-0.21215345600786864,-0.31629210678325237,0.2516079202662359,-0.031086938319672575,-0.44903688186923374,-0.12160450230771347,-0.34461104012862753,0.8816364673263922,1456,208.5359342915811,-0.17732381299743472,-0.044493255928969466,-0.03713904152344483,0.1648319785004564
taker_imbalance_mean,Intraday,-1,0.0027900642973833134,0.09549988883693364,0.029215363904702734,0.5020604395604396,-0.236911053651103,-0.3131981848467322,0.2618294283882429,-0.026860017279680348,-0.44751134611201693,-0.10008607073500597,-0.31112057251211456,0.8970793330104676,1456,209.97056810403834,-0.30511276565124046,0.28605739556456133,0.007571717485257645,-0.0037227839219445835
kdj_k,Daily,-1,0.021473616352358428,0.1486888619132888,0.1444197946762367,0.5693681318681318,-0.24326418509937675,-0.688577095442751,0.5368858795117918,-0.04626538013734949,-0.5665981287749855,0.10243119551876712,-0.431181334771608,0.8278194792763751,1456,207.9958932238193,-0.17311642744116174,-0.16956027769723736,-0.0014759662764444181,0.20732624214254902
close_position,Daily,-1,0.004444467026568112,0.13596654256718654,0.03268794378214394,0.5061813186813187,-0.26679970268029,-0.6457392907349919,0.5213633430220702,-0.04654212335604613,-0.5670979236664461,0.09295013822661025,-0.25355748963606994,0.8268617004085131,1456,209.97056810403834,-0.016777899402566354,-0.07086446027372861,-0.05251657492824857,-0.04472029623264884
atr_14,Daily,1,0.0017352229734540767,0.12872981294055136,0.013479572439522573,0.5116758241758241,-0.2721469209944873,-0.30050581352238764,0.19313853561778682,-0.03856978990150162,-0.3988909265724274,-0.16316822128164843,-0.26115752850158935,0.8547876922136496,1456,206.75701574264204,0.07493117708175889,-0.047089374359135516,-0.1758640731425789,0.012573563280933175
volume_ratio,Daily,-1,0.025818446771670393,0.11498489099198207,0.22453771363833866,0.5995879120879121,-0.2814088854644593,-0.6036904051781036,0.524544186026675,-0.042328031378885744,-0.5715465462469462,0.10559013621256375,-0.28419497808561334,0.8415364783078644,1456,205.26899383983573,-0.1023641014667852,-0.10802117385329835,0.12282855479738752,-0.06393773174998818
apm_global,Intraday,1,0.009191163288732294,0.14730711765406176,0.06239455914391975,0.5178571428571429,-0.30461153103600797,-0.6919807701087846,0.5860336540185338,-0.05655614463706182,-0.6111218095626447,0.15507668778221095,-0.4352305017177328,0.7927592631959088,1456,209.7460643394935,0.14960135073990632,-0.24873875553190072,-0.05447186086373479,-0.029202573183645608
apm_asia,Intraday,1,0.002222783232982027,0.1348356224159585,0.016485132254394717,0.5199175824175825,-0.31699615198627656,-0.6208337130798857,0.5125328046725309,-0.050482814540162124,-0.5784990790400446,0.08708925562602321,-0.30185088623115186,0.8133132776202248,1456,209.73716632443532,-0.04961248173281041,0.10919655643676718,-0.12655359960162926,-0.11669158788868939
rpv_trend,Intraday,-1,0.007333820063547484,0.09358652986910475,0.07836404758424625,0.5288461538461539,-0.31799031194829314,-0.5332686725870329,0.45843195337720166,-0.03565733720677344,-0.5422085125734577,0.04577055156202614,-0.26697544437403475,0.865163778664314,1456,208.5359342915811,-0.07373038625019346,-0.08848259139191306,-0.017539476097163442,0.042991658256168686
asia_am_pm_diff,Intraday,1,0.002220715198086132,0.13487730404806367,0.016464705082240724,0.5199175824175825,-0.3186195349366224,-0.6203885832961311,0.5114784762549232,-0.05072568993326654,-0.5783499517870243,0.08611158226288351,-0.30089303077507545,0.8124837305499493,1456,209.73853524982889,-0.050624708162065324,0.10772684918272435,-0.12535523755588196,-0.11669158788868939
us_session_ret,Intraday,-1,0.020228279801872237,0.1550926697702453,0.1304270442153586,0.5398351648351649,-0.3536184904757214,-0.6677493647859447,0.49833019584734295,-0.0675075255974047,-0.5868516498991401,0.06208679906128722,-0.32557014805626827,0.756683033253769,1456,209.97056810403834,-0.15926094324088624,0.14157719604342445,-0.11718944368679285,-0.10694137226616307
avg_trade_size_mean,Intraday,-1,0.017267669769780353,0.13194017869150398,0.13087498161879066,0.5453296703296704,-0.3571689058045906,-0.2982927170304537,0.21836906427835828,-0.05465608175751624,-0.4666779752043121,-0.10009708421960362,-0.26281731180332435,0.7991473192013852,1456,208.5359342915811,-0.1763089119421234,-0.027443962407401434,0.1723689840994982,-0.14909020065666012
bb_position,Daily,-1,0.05155490732789641,0.14455706714097943,0.35664049348215193,0.632554945054945,-0.36868661954402027,-0.6492472667154444,0.49807817180396374,-0.06532736303230391,-0.5715892444661794,0.07927383708505764,-0.4110618339241954,0.7637648266635648,1456,205.26899383983573,-0.1977093855172931,-0.16941439440096373,0.0915146981338315,0.05005961001155401
adx,Daily,-1,0.013531336763104916,0.11966766334371619,0.11307428635500795,0.5563186813186813,-0.37026748870402554,-0.393161062006317,0.3017712768931153,-0.049077409066573985,-0.49496453755527314,-0.07074273171531409,-0.2982389433639435,0.8181259440114669,1456,203.53456536618754,0.09114655036070562,-0.14507921311287242,0.06573586692911326,-0.17707241158045028
williams_r,Daily,-1,0.026580811914062134,0.14850555129113951,0.17898866334003116,0.554945054945055,-0.38525118565799077,-0.6870189565081307,0.4829348193271634,-0.06635431448581053,-0.5675154263275559,0.04875779666633839,-0.39674781717479635,0.7604228351633234,1456,207.9958932238193,-0.23309617121406556,-0.06996964707623843,0.005461238576428551,0.06035622082057057
asia_afternoon_ret,Intraday,-1,0.005691301507387646,0.13740902522813575,0.04141868471704618,0.5247252747252747,-0.3910203814593772,-0.5728133738133628,0.42423932651609103,-0.06387018556041857,-0.5597053566947892,0.00227571764778145,-0.2690967731492956,0.7685257682696035,1456,209.73853524982889,-0.08292676065315108,-0.17577853692548506,0.02079796206558604,-0.003973945250845601
tail_taker_imb,Intraday,-1,0.0037528487538368133,0.08828310274665757,0.04250924822515275,0.5034340659340659,-0.39587237773409945,-0.3050864273584996,0.2221063334680354,-0.037727340650222874,-0.44488037014718007,-0.1312848221312335,-0.2564046470758452,0.8577794157004961,1456,209.97056810403834,-0.1083890510044988,-0.120232354828685,0.21972329613717623,-0.10345741623544413
cpv,Intraday,-1,0.02099512275911977,0.14029224911461996,0.14965275270082135,0.5679945054945055,-0.40556788688216105,-0.7592907925166812,0.5935656972192461,-0.0688221648147681,-0.6157879702742641,0.16212418516979232,-0.34012675640735,0.7524365580674427,1456,208.5359342915811,-0.10983880885247543,0.046517352306680415,-0.16326842103829453,-0.03468592574785534
ma_slope,Daily,-1,0.03252996403216303,0.1841666941137277,0.17663325294715018,0.5796703296703296,-0.4658673264611457,-0.5506831119907608,0.30185762333928223,-0.09597957944581259,-0.5335584521082355,-0.11775215380002424,-0.48955871198656664,0.6686413046861074,1456,204.03080082135523,-0.2763771108846368,-0.1839177848714385,-0.032566532860260455,0.17037728678991715
market_beta,Intraday,-1,0.04233652888890493,0.2450415134818807,0.17277287656120638,0.5690721649484536,-0.5464048222961754,-0.46860806770795743,0.3240191757970369,-0.14414338850209585,-0.622072526369248,0.002690859142084001,-0.49731447021313524,0.537687640018608,1455,208.92470910335388,-0.18956751024752827,-0.04687882782802644,-0.1359023516974036,-0.1944318816322813
close_position_intra,Intraday,-1,0.0071263811773347,0.13828293324478666,0.05153478086389638,0.5144429160935351,-0.5501809391833854,-0.7404858025460963,0.5102398481530258,-0.08511252762117139,-0.5987965172736978,0.08056438462897253,-0.3305417788368361,0.7016261629265307,1454,209.47775496235454,-0.08643749916286081,-0.10514575489221045,-0.0692908793739303,-0.07785070663229954
downside_vol,Daily,-1,0.049134783140959364,0.23017385629202733,0.21346812273909863,0.5940934065934066,-0.5687723404187294,-0.42956847179524094,0.25894337315613475,-0.13222529640769665,-0.5811252028222436,-0.039909146418783625,-0.49319274643986544,0.5679406256809453,1456,205.26899383983573,-0.15498558950423869,0.1443989917140518,-0.1491029219587866,-0.30978511413510057
asym_volume,Intraday,-1,0.01796583330589247,0.11026951463580437,0.16292655078753274,0.5714285714285714,-0.5757853096604022,-0.6266867545659711,0.44315172239100137,-0.07062494251973783,-0.561220292959163,0.030166372807025832,-0.25388414903256296,0.7466423892248587,1456,208.5359342915811,-0.11289922592321466,-0.10639081696090491,0.017511234256779362,-0.07433712026486439
smart_vol_ratio,Intraday,-1,0.013753575431672787,0.11577872219179182,0.11879189874777236,0.5391483516483517,-0.5876908635223619,-0.48334713345597835,0.27345494151327476,-0.0735385396738577,-0.4939431134972829,-0.12252876546757463,-0.4596710372528572,0.7373487824073724,1456,208.5359342915811,-0.16364636642376984,-0.23627500742519414,-0.13674199618196825,0.3372278187524773
bb_width,Daily,-1,0.05786319468794505,0.21947730643601757,0.2636408883959242,0.6270604395604396,-0.6171072471128867,-0.4315637497705939,0.22706285052195738,-0.13689418653615026,-0.5727232547869423,-0.06557713902998974,-0.4571973221219,0.555849008479684,1456,205.26899383983573,-0.19336262963315598,-0.0378457898164426,0.00576104565623381,-0.2879032535718752
pre_extreme_ret,Intraday,-1,0.013026990257089489,0.0980462940704095,0.13286569423090627,0.5577716643741404,-0.6211407707972999,-0.6441385047360076,0.48221044236759375,-0.06749317600746685,-0.5910327163909166,0.055653842985359026,-0.3677789839933653,0.7570192887255406,1454,208.29158110882958,-0.16712670595999202,-0.11684817032877504,0.03921114828195771,-0.00964969741957833
post_extreme_ret,Intraday,-1,0.0032691015829172535,0.11955794948921446,0.027343236676870226,0.5061813186813187,-0.6381082600521726,-0.6735792362975482,0.4850589851790911,-0.08369913517217631,-0.6083932012075883,0.05732961870210196,-0.31290722135432103,0.7056159784790333,1456,209.91307323750857,-0.1744508195639647,0.02642554919832607,-0.047337179266841445,-0.12590469821350359
vwap_deviation,Daily,-1,0.03828047428098271,0.18303857572643042,0.20913882244586796,0.5872252747252747,-0.6411136127783903,-0.7386846302274066,0.3814429239655692,-0.12248176808168398,-0.5828637990520964,-0.05336336732218361,-0.5042279294297283,0.5938085467473249,1456,205.26899383983573,-0.31201490301427526,-0.1403784490062252,-0.07971081758727994,0.09102776143369362
err_factor,Intraday,-1,0.02065997232122556,0.11830445676531538,0.1746339160820483,0.577028885832187,-0.6678895791653116,-0.7177535678365413,0.520889583477049,-0.08640354129493066,-0.6275904743907663,0.08564114244726784,-0.36388339234859557,0.6976904252382118,1454,208.29158110882958,-0.2049532051223456,-0.06527715516954125,-0.0447583113008958,-0.017180087203496952
extreme_ret,Intraday,-1,0.019889492139885008,0.12142716740264194,0.16379769805513297,0.5686813186813187,-0.6711498453798743,-0.7082279286118726,0.5129581383013228,-0.08795584134177725,-0.6282887441403757,0.07778270434419676,-0.3322355665622575,0.6926305561254184,1456,209.97056810403834,-0.2130025208198013,-0.04271089043795839,-0.0446901545045536,-0.03763253160067015
strong_tide,Intraday,-1,0.004521437173255482,0.1074989929107346,0.04206027080093021,0.5199175824175823,-0.6905765756014961,-0.6729470209608444,0.47115834775017096,-0.0827792187606401,-0.5869705362897655,0.054966609687877144,-0.31177507777013125,0.7084460587613636,1456,208.5359342915811,-0.06493846633583056,-0.05535860904023204,-0.1404127612664824,-0.0669397959513387
first_hour_ret,Intraday,-1,0.0019533260794037145,0.13725705782397937,0.01423115115579105,0.5034340659340659,-0.723212199592323,-0.6588658520898653,0.418408445230937,-0.10339187118520343,-0.5947632670959364,0.004355096754283361,-0.4031922805941186,0.64703848177694,1456,209.97056810403834,-0.18383276180041308,0.023823494753036245,-0.17226435903599724,-0.06452064913452593
time_center_diff,Intraday,1,0.003665409863635606,0.1259378348655794,0.029104911772532754,0.5199175824175825,-0.7403303768519073,-0.762539696352537,0.5306016569916586,-0.0977619919453796,-0.6193503571774959,0.10911026346245944,-0.49264705028250677,0.6633979196009538,1456,209.70773442847366,0.08340416214249502,-0.18555941007872812,-0.18099179310162805,-0.0820142448215635
jump_count,Intraday,-1,0.016738214974558557,0.10553782527716657,0.15859918796515168,0.5528846153846154,-0.7469031069764948,-0.6041529099091125,0.376861361876698,-0.08392418542989799,-0.553080111380372,-0.0316756061193213,-0.3985855296294398,0.704924913447814,1456,209.70773442847366,-0.022150914635235663,-0.14761949249437045,-0.11839584154024851,-0.04067914429225572
trend_strength,Daily,-1,0.044674468521855644,0.15169481554531122,0.2945022571551815,0.6208791208791209,-0.7585477960599495,-0.6762037422975405,0.37297050877934995,-0.11059904885055816,-0.5673768211604242,-0.03311261534363452,-0.4497564765427333,0.6265391201627467,1456,195.31895961670088,-0.3214016192464222,-0.15819423327562576,0.010398850509043767,0.08550201476116737
obv_change,Daily,-1,0.0227516699605753,0.09887243248654494,0.23011133727854918,0.6085164835164836,-0.7739832594650662,-0.6018615835051978,0.3920640959363684,-0.08741458089579146,-0.5875151319978723,-0.034559279214274374,-0.3863917337156618,0.6942716965930932,1456,204.77207392197124,-0.188318576658547,-0.1327755904349196,-0.018751211038940063,0.005155439126927952
volatility_20,Daily,-1,0.07239680115109674,0.22474543151986529,0.32212800696425953,0.6401098901098901,-0.7751622436615,-0.5423438805104303,0.28042712783786417,-0.16668778930216854,-0.6119076933355153,-0.026528117502821247,-0.5309770652301892,0.48316875608484394,1456,205.02053388090349,-0.21591215441748735,-0.003396634215153349,-0.0745336260713182,-0.3318851449509227
realized_kurt,Intraday,-1,0.012407901274038369,0.11613066898539594,0.1068443014580043,0.5398351648351649,-0.7767549974054839,-0.5975530728545527,0.33979229604671707,-0.09659574176344665,-0.5521696701019304,-0.06522570055584576,-0.40392400233441517,0.6668252195967129,1456,209.70773442847366,-0.09999758838726958,-0.16493903638800578,-0.15508793079129723,0.050119316769434485
vol_conditional_impact,Intraday,-1,0.021185767150289303,0.11661497828086416,0.1816727631894447,0.5631868131868132,-0.7869459828395385,-0.6484606678305237,0.40387161672651356,-0.09838526549893456,-0.5764083108587852,-0.0015708775289335897,-0.3746800877097546,0.6615717050732465,1456,208.53045859000684,-0.12146747134858438,0.02329751264778457,-0.19424630470165838,-0.08669706832997337
taker_persistence,Intraday,-1,0.015045404586352682,0.0987657261850713,0.15233425241887513,0.5570054945054945,-0.8583333308992106,-0.5350022483862278,0.31390927325951434,-0.09224097505587281,-0.5452430219901319,-0.07298893483965074,-0.35231195373072766,0.6797401106728668,1456,208.5359342915811,-0.11924979635086186,-0.10397963374008867,-0.010134853500938346,-0.1298457782463852
asia_morning_ret,Intraday,-1,0.007555896726415965,0.14016395631917128,0.05390755502173948,0.5260989010989011,-0.8669137110968526,-0.7702692760344187,0.4580756502289449,-0.12371121950407937,-0.6237752413069131,0.0333861718558357,-0.4462423940048129,0.5904967726799658,1456,209.73853524982889,-0.1759315255592182,-0.05562589381565852,-0.14722274478469632,-0.11023657591668212
brilliant_vol,Intraday,-1,0.023211549803637183,0.10860563543347873,0.21372323428485424,0.5837912087912087,-0.8718758041705656,-0.4564377337016672,0.20691514154047577,-0.09677332707743647,-0.49768507331987133,-0.15575558206648876,-0.3738917347545495,0.6663024890845951,1456,208.49418206707733,-0.1350534010151917,-0.07431592961734834,-0.139605569289321,-0.032787814232994594
vol_concentration,Intraday,-1,0.00902741383195885,0.1075942039281643,0.08390240982648045,0.5418956043956045,-0.9221621656152373,-0.5943228082165691,0.3207641329684138,-0.1000776906479306,-0.5469500027579349,-0.07849183593295528,-0.44621724278818575,0.6566318369711588,1456,208.5359342915811,-0.24173661511788347,-0.13780036732988776,-0.11835488291506713,0.13920061439672904
return_skew,Daily,-1,0.037982945928973125,0.12328661841496501,0.3080865006797656,0.6208791208791209,-0.9240229191815482,-0.6181408433788551,0.3453014379825861,-0.11841651172233925,-0.5818136772544017,-0.04251087006943188,-0.40436963236424717,0.6048582969032473,1456,205.02053388090349,-0.13167380305269383,-0.10657698794505521,-0.11644643365792062,-0.11756907437405062
intraday_rv_corr,Intraday,-1,0.026604203646672736,0.11054505888929032,0.2406638660048831,0.6023351648351649,-0.9255934900332832,-0.6790351417910638,0.41091266616661365,-0.1064158266515175,-0.5875101630440622,0.0043704583028183475,-0.412076134105561,0.6383772102471058,1456,208.5359342915811,-0.2663478452941652,-0.10366502997397187,-0.0002201456228244636,-0.029015146905660094
return_kurtosis,Daily,-1,0.020546530280824295,0.11233199334489273,0.18290896333202858,0.5803571428571428,-0.9298588690872797,-0.5468679048262154,0.28144543992532606,-0.10552815898412893,-0.5409379008277371,-0.09951150460330072,-0.43994572950089494,0.6409106205282461,1456,193.90417522245036,-0.14075342859208184,-0.18979287690342794,-0.04579066122579878,-0.03519412188801796
sharpe_rolling,Daily,-1,0.041446631083285744,0.15063953493307283,0.2751377873698433,0.6181318681318682,-0.935382917250543,-0.5320283757217514,0.18490309529445947,-0.13688865554356022,-0.5326571119969453,-0.1771358436096322,-0.4937481668686633,0.5558632176441141,1456,195.06913073237507,-0.34474783089654326,-0.12456371506941277,-0.07935089050684918,0.052545282581505814
upper_shadow,Daily,-1,0.01599711833990528,0.11804906772617382,0.13551243811503663,0.5480769230769231,-0.9605706498444937,-0.7580405857551332,0.4852840499484081,-0.1178434141634962,-0.6227171417923523,0.07414659454725303,-0.4330839716424524,0.606428331351541,1456,209.97056810403834,-0.05663483102259037,-0.1765307339177956,-0.2113605894774242,-0.010140000986869957
mfi,Daily,-1,0.04430521895789324,0.12218327116220425,0.3626127775949633,0.6366758241758241,-1.0055526541682973,-0.7384096902575272,0.4011111541708025,-0.13370647988757822,-0.6053950821287559,-0.0005983364110830891,-0.4694026309622731,0.5640834866568656,1456,206.75701574264204,-0.23626715842904733,-0.15750596751917356,-0.09814700307206392,-0.027925985681766297
vol_equality,Intraday,-1,0.033457308750429016,0.13991182224586543,0.23913137447614066,0.6050824175824177,-1.0082706683012175,-0.6061810702140904,0.32020728652135666,-0.14605804906459485,-0.6125689008383031,-0.04400809140501527,-0.49349150536822295,0.5326781312078372,1456,208.5359342915811,-0.1125484439639709,0.0681249378555635,0.005344109074143066,-0.441036538199605
parkinson_vol,Daily,-1,0.08012794869555485,0.23319674042736263,0.34360662637326733,0.6380494505494505,-1.0151541425603947,-0.5961863271518789,0.18074726322978876,-0.21757195441968913,-0.6363742087775311,-0.08661074587648587,-0.6395331322976406,0.37579012942506335,1456,205.26899383983573,-0.286721952721807,-0.07919605728543622,-0.1287451407917617,-0.3432892472519119
trend_strength_intra,Intraday,-1,0.011266741943455973,0.13181503171647344,0.085473871545632,0.5267857142857143,-1.0236828484571368,-0.815121232295049,0.44116622472373174,-0.1422986054023857,-0.6277237244725804,0.02285639884152224,-0.4774001119935445,0.5420945337016873,1456,209.97056810403834,-0.1538523960930701,-0.17964977901819756,-0.14809411518604632,-0.083277308816182
cpv_first_half,Intraday,-1,0.01092497191397665,0.1251674985958453,0.08728281034379623,0.532967032967033,-1.0493885356549557,-0.8469282233194757,0.48940695133615975,-0.1365999126078976,-0.6385715691639939,0.06667048398993503,-0.4630135009760509,0.5566053786285609,1456,208.5359342915811,-0.1528658779129164,-0.14131263788799464,-0.1613470222204657,-0.08761558335126218
bias_20,Daily,-1,0.0544076545087844,0.18708277190939698,0.2908212821804932,0.6208791208791209,-1.0539295768168344,-0.8411224956108108,0.3009643315526504,-0.1918383414650796,-0.6235093849440383,-0.12038421672103705,-0.6026732344840777,0.4275694702023758,1456,205.26899383983573,-0.37084615672510435,-0.20324872215168943,-0.07625623464708897,-0.07663045815519465
apm_vol_adjusted,Intraday,1,0.0005178770386555521,0.12204337956777883,0.004243384590428312,0.5096153846153846,-1.101069030357254,-0.775023283317817,0.4399083381876204,-0.13476436874661524,-0.6234423434454406,0.029504902431750635,-0.49122426747934356,0.5613406864106972,1456,209.48186173853526,0.0023332541280851604,-0.2346832040316903,-0.04424165719876383,-0.23435925002418434
ret_autocorr_5,Intraday,-1,0.008897581790752979,0.10008789717146799,0.08889767047990997,0.5446428571428572,-1.109979389751295,-0.5798908602117999,0.30694597563038056,-0.11319311009819577,-0.560602886690679,-0.07011657752092482,-0.3961934056516939,0.6192813067921948,1456,209.70773442847366,-0.10040673117995658,-0.13313826096709425,-0.17573444650964232,-0.0365597453934251
jump_contribution,Intraday,-1,0.019471828692410317,0.12197028587667195,0.1596440227717321,0.5501373626373627,-1.1151064887768654,-0.653735663469984,0.2739960577501584,-0.1386276197336036,-0.5659303332194697,-0.11704976967795266,-0.5532012489721081,0.5514091958859829,1456,209.67488021902807,-0.02851015462115436,-0.2647077226551362,-0.22053132157656208,-0.009676543000688098
gk_volatility,Daily,-1,0.08050083961716431,0.2301576655525147,0.34976387132827363,0.6449175824175823,-1.1176348308587034,-0.6148121166403855,0.14153592265319256,-0.23289040833635832,-0.6405672340278625,-0.11087014671261308,-0.667436058370561,0.34728936865658516,1456,205.26899383983573,-0.2914055013685689,-0.12007593029957042,-0.18773469960824585,-0.31427400386456716
sortino_ratio,Daily,-1,0.04231466075194473,0.1534801751514655,0.2757011317792295,0.614010989010989,-1.1183484904909455,-0.5816220103009616,0.1645842270415301,-0.1614981865957663,-0.5520201252568193,-0.19353299257518375,-0.5420688796557367,0.49528404393205205,1456,195.06913073237507,-0.3532106519394729,-0.13975889863759317,-0.14451663143392102,0.04054224871544165
asia_session_ret,Intraday,-1,0.01202742929396804,0.1417822519967827,0.08483028218467106,0.5315934065934066,-1.1184205742923958,-0.8343493569903203,0.41830459323559044,-0.16196416092035182,-0.646254806824155,-0.005112744483980136,-0.5257125953956444,0.4941870098667409,1456,209.750855578371,-0.19806113747949472,-0.2158051199444212,-0.08184258284614865,-0.14412780847374085
first_half_ret,Intraday,-1,0.01547264185060684,0.14385928049598248,0.10755399805783793,0.532967032967033,-1.1632843881561683,-0.8911930801436109,0.44919708626166727,-0.16958686705519022,-0.661896023341941,0.01974245217435744,-0.5406705323641436,0.4764982200164389,1456,209.97056810403834,-0.20352575425730812,-0.19931976418840947,-0.16894748574314367,-0.100912480396541
gammabias_t,Intraday,-1,0.04692929829698364,0.14229916845461407,0.32979317805374125,0.6449175824175823,-1.1663951017271128,-0.6416181028026164,0.27393894830679033,-0.1702600678079832,-0.6153780027271805,-0.08061422253258488,-0.5322007511625075,0.4749591656599052,1456,208.5359342915811,-0.2708877204448604,-0.005331241950767618,-0.09646543435753141,-0.27516590841765964
eu_session_ret,Intraday,-1,0.016849681632636,0.14741985686108416,0.11429722459669357,0.5364010989010989,-1.1876762126312421,-0.8165295669278917,0.3612053918751957,-0.17413533277522386,-0.6363507864625397,-0.05196604727279319,-0.5555285502934495,0.46617194382264465,1456,209.95071868583162,-0.13716618758392474,0.016277583383514704,-0.30121725482019823,-0.23921059153213775
gamma_up,Intraday,-1,0.07006213176028811,0.16297559073104229,0.42989337941396055,0.6840659340659341,-1.1926638933948386,-0.6820789503606511,0.2817985961002411,-0.2003726562075947,-0.6527205962238714,-0.06176441180352965,-0.6052667212267397,0.4098404236907459,1456,208.5359342915811,-0.27833217501513896,-0.001998901411138121,-0.16869423914110082,-0.3154807917961775
vol_stability,Intraday,-1,0.034473260969443364,0.12393659919858434,0.27815236508695074,0.6263736263736264,-1.196141768605152,-0.5788612297644371,0.2446814575852293,-0.15608794073879284,-0.5985818360180002,-0.10305773098081539,-0.5264239490444065,0.5081553162736279,1456,208.5359342915811,-0.02687063214897456,0.010907411286928514,-0.07093531125796138,-0.4440079781949603
info_concentration,Intraday,-1,0.01673278281024407,0.11608078712055973,0.1441477249063483,0.5728021978021978,-1.252270369282599,-0.806186887337156,0.41879199912322124,-0.14095299250196047,-0.6181823301427798,0.006206659511792223,-0.5099309702710281,0.5454950567019926,1456,209.70773442847366,-0.16160232708752542,-0.16778216735946327,-0.16057263209031392,-0.06863349942766972
surge_vol_ratio,Intraday,-1,0.02630672440031942,0.11002710618961165,0.23909310096780675,0.5872252747252747,-1.293115333225957,-0.6781707726396976,0.3218031833898705,-0.13910187881939773,-0.5905072610289128,-0.06737307466656262,-0.46764411002917183,0.5501991276745228,1456,208.49418206707733,-0.19572565111868157,-0.2083164628410178,-0.023653843449887302,-0.1149654097768158
realized_skew,Intraday,-1,0.03328003128494389,0.10896822177566635,0.3054104002848988,0.6270604395604396,-1.3234838215591889,-0.7802240004827898,0.4108339970505137,-0.14868952026505233,-0.6279588383188096,0.008425567132819278,-0.4958355903021888,0.5261603014858004,1456,209.70773442847366,-0.2973312544437179,-0.12345570221326518,-0.08034577323178838,-0.07109991866279453
intraday_skew,Intraday,-1,0.03328003128494389,0.10896822177566635,0.3054104002848988,0.6270604395604396,-1.3234838215591889,-0.7802240004827898,0.4108339970505137,-0.14868952026505233,-0.6279588383188096,0.008425567132819278,-0.4958355903021888,0.5261603014858004,1456,209.70773442847366,-0.2973312544437179,-0.12345570221326518,-0.08034577323178838,-0.07109991866279453
amplitude,Daily,-1,0.07964546423042947,0.20250108034489583,0.3933088167316971,0.6751373626373627,-1.3330413287738594,-0.806480010137884,0.3064404583701212,-0.24987911265441054,-0.6890774320333509,-0.015154090273131193,-0.6947870023424135,0.317609481884804,1456,209.72416153319645,-0.33637682276433056,-0.16316939777209372,-0.109070629894512,-0.3580649570878893
surge_ret_mean,Intraday,-1,0.022660161205858807,0.1175191077341633,0.19282106301306418,0.5755494505494505,-1.414607309528562,-0.7772265385639573,0.3366499355152889,-0.1673662947464266,-0.6269692753009137,-0.0712069408971634,-0.5363898689455899,0.48160133954787115,1456,208.49418206707733,-0.21685640009515628,-0.23940680195603037,-0.06786594856892159,-0.13260787958005815
second_half_ret,Intraday,-1,0.03501890913776171,0.15955855642146788,0.2194737012443481,0.5776098901098901,-1.473131591985999,-0.9102804623365734,0.31073761436608593,-0.22358375916176476,-0.6648546104109601,-0.09564140844989133,-0.6484508823215974,0.3644037920087183,1456,209.97056810403834,-0.3922957828696483,-0.005083014451135681,-0.18920241846219155,-0.2566534201853574
intraday_range,Intraday,-1,0.08039273490478215,0.2024762221922912,0.39704776226986166,0.6740027510316369,-1.4845510628982974,-0.8690887747016848,0.3012003739252713,-0.27253197238283133,-0.7064909816747189,-0.018057228753460608,-0.7295098167182039,0.28153163020116917,1454,209.74058863791925,-0.3784141712224267,-0.16232656263580714,-0.11391800004249564,-0.3897926534772974
last_hour_ret,Intraday,-1,0.02160209860603834,0.131597151378843,0.1641532262527308,0.5583791208791209,-1.5372125269981145,-0.7574738887263562,0.26365246869280284,-0.19304236838988675,-0.6277672639311541,-0.11811272689027363,-0.5935019487686979,0.4250340728145132,1456,209.97056810403834,-0.283493858598598,-0.16158437092956868,-0.08159001130957899,-0.2296149161485178
idio_skew_vol_ratio,Intraday,-1,0.035510238064590104,0.10499795249989664,0.33819930614963184,0.6364261168384879,-1.5462403353366942,-0.7939785341126151,0.3645409897418016,-0.17020473708899486,-0.637448751793702,-0.03449090218624806,-0.5387202135444354,0.47532843118885426,1455,208.6618754277892,-0.285727168855221,-0.1555134721267899,-0.1150505060997069,-0.10953172801586164
quiet_hours_ret,Intraday,-1,0.0206606861672583,0.13771578641643853,0.1500240836917683,0.5686813186813187,-1.586226253676243,-0.9042096828303681,0.37331909704964156,-0.2092433549684729,-0.6753557348165264,-0.032933419094883676,-0.6175782699499384,0.3920024119646874,1456,209.97056810403834,-0.3966686775894094,-0.2003924223091892,-0.04200781532788267,-0.15180833719254017
brilliant_ret,Intraday,-1,0.028200934692455302,0.10857451006550191,0.25973805525865523,0.6030219780219781,-1.6022652281735463,-0.8375528585348868,0.3939003197242267,-0.16612458397465935,-0.635308724371436,-0.00975686291719613,-0.5398700475114258,0.48447271832236,1456,208.49418206707733,-0.21500214969464615,-0.2469671759264096,-0.05595372226576578,-0.13185220356081506
vol_weighted_volatility,Intraday,-1,0.0486218915666964,0.12040974245939336,0.40380360040266267,0.6510989010989011,-1.6250090594215425,-0.7521718637975048,0.21691650588616274,-0.19803561227768818,-0.6069384717369786,-0.14682745955003396,-0.5999784799396204,0.41463951557389733,1456,208.5359342915811,-0.23097523264879805,-0.21373253059138542,-0.21024123809651907,-0.13170839755838615
volume_change,Daily,-1,0.0410949722267416,0.11361893838553692,0.36169118629135955,0.6407967032967032,-1.664375843981482,-0.8299992576920704,0.33691220565275665,-0.19097516347504284,-0.6445162956568289,-0.054340577090962405,-0.5771631002771972,0.4293940820841913,1456,203.69199178644763,-0.33185776304813974,-0.22629050738757395,0.06046804162349062,-0.21672977524238135
smart_non_smart_diff,Intraday,-1,0.03681815027833336,0.11970073659153779,0.3075849677360008,0.6181318681318682,-1.6713670129117317,-0.8263074177444238,0.3150162242018201,-0.20541604799557334,-0.6614546038265532,-0.08116248885264898,-0.634865093004783,0.39962579789368186,1456,209.70773442847366,-0.24891647242587955,-0.057337047607521896,-0.186235191147345,-0.30639864173658504
intraday_idio_skew,Intraday,-1,0.03855885073949258,0.11052472576028413,0.34887077968792835,0.6439862542955326,-1.6912193431987737,-0.8656527367116884,0.37490867968808167,-0.19555392469775035,-0.6679596289629115,-0.03244415445118698,-0.5978861218774237,0.42003193528554983,1455,208.6618754277892,-0.3251191802048601,-0.16505964146918828,-0.10876309151128283,-0.16361428217970675
market_alpha,Intraday,-1,0.036059400138815124,0.1484803662837582,0.24285633591002392,0.593127147766323,-1.71159053598134,-1.0920363926321814,0.4311702107864029,-0.2412970155612073,-0.7146487030567483,0.0005907694120774742,-0.6720976298432527,0.3326059559273535,1455,208.92470910335388,-0.3168291334665787,-0.18130772003303608,-0.22571470602223942,-0.23196859628907374
jump_intensity,Intraday,-1,0.04761218686370585,0.13125832332746543,0.3627364880896529,0.6655219780219781,-1.7123908965209154,-0.8380172063119253,0.3111896543937947,-0.2296376032658881,-0.6790561872663174,-0.05021835611204295,-0.6460749411197091,0.35320106176440536,1456,209.97056810403834,-0.34768077994680924,-0.029538330329267337,-0.19741114169367657,-0.30483113570565856
fuzzy_ret_mean,Intraday,-1,0.02214939236864867,0.1134352555943248,0.19526019754615723,0.5776098901098901,-1.7162757326648326,-0.8009747161051861,0.2909302078160127,-0.1995637851811214,-0.6464118106525569,-0.10242961056631483,-0.6178073760225806,0.41149669490605884,1456,209.70773442847366,-0.2889744318432823,-0.07758155479450612,-0.2501426291932519,-0.16329090502089227
pv_corr_20,Daily,-1,0.04374685385601122,0.11702021521645276,0.37384010990486904,0.6627747252747253,-1.7393519893121492,-0.7559889567672264,0.27099145655889567,-0.1894919310222528,-0.6239345328655794,-0.09914711891349992,-0.5677691731170904,0.43254300267794943,1456,203.9315537303217,-0.22675265489555585,-0.2650110845934226,-0.00824787339143318,-0.23259093781625184
gammabias,Intraday,-1,0.08396060159923566,0.18439867985365718,0.4553210311085649,0.7012362637362637,-1.8482180570202489,-0.841701706083434,0.08977982538955981,-0.3167250446553055,-0.7094644763588923,-0.17596180011786577,-0.7861128372777973,0.21887424541526973,1456,208.5359342915811,-0.427431077106033,-0.1188795312539438,-0.21042451975264465,-0.45053764118021034
rsv_minus,Intraday,-1,0.09894473055594727,0.22117875458991013,0.4473518546837068,0.6895604395604396,-1.8608226062324345,-0.9342825698321894,0.08848045978139972,-0.35056597587367855,-0.7324583880872593,-0.1406007866977994,-0.8273000151245016,0.17872880909434907,1456,209.97056810403834,-0.45876114034313065,-0.19824395241268356,-0.25170359167659007,-0.44958572846807254
lambda_residual_std,Intraday,-1,0.09482272003380829,0.21935960210322056,0.4322706405461233,0.6840659340659341,-1.861014178521591,-0.9551440239620554,0.13319984865684292,-0.344983423915573,-0.7350669176429585,-0.11838431074133482,-0.8244582945886768,0.18493658581887995,1456,208.5359342915811,-0.43322048124496715,-0.22403256346749723,-0.26209632062523636,-0.4301434883385935
realized_vol,Intraday,-1,0.10119536932521826,0.21877338842834215,0.46255792547083446,0.6971153846153846,-1.9516818797821165,-0.9545764784044626,0.07124571674230437,-0.3578416548724114,-0.7343859741842513,-0.15160904110662288,-0.8345478780935123,0.1708742237003234,1456,209.97056810403834,-0.44695777206327725,-0.22671460611452754,-0.26613997302435577,-0.45554094950220625
ret_range_1h,Intraday,-1,0.092327861324085,0.21025727017548815,0.4391184992359119,0.6840659340659341,-1.9610518151042968,-0.9566826589129085,0.107480286953285,-0.3450433891808724,-0.7280634434341868,-0.13403481010023865,-0.8211585900796784,0.1848690585174491,1456,209.97056810403834,-0.4607523866068901,-0.22436954273402132,-0.277918892060811,-0.3878819856598832
vol_asymmetry,Intraday,-1,0.04225663356514671,0.12025002966841776,0.35140640021131664,0.6407967032967032,-1.996924764632424,-0.9108335592218825,0.299341936485661,-0.22899634026335158,-0.6653267958884282,-0.0809096445143791,-0.6615806952348314,0.3543753423264174,1456,209.70773442847366,-0.3286169337875393,-0.17482227442421272,-0.17273695060335836,-0.22678193915670952
rsv_plus,Intraday,-1,0.10221942568832276,0.2146867704400996,0.476132836305882,0.6957417582417582,-2.020070596738582,-0.9857570343075956,0.08147812456843243,-0.3628593103652086,-0.7395137640834547,-0.1473285117567924,-0.8396951863130314,0.165610066350748,1456,209.97056810403834,-0.4762218379603952,-0.22393916757432508,-0.27538659042941116,-0.43773996954664496
max_1h_ret,Intraday,-1,0.09109035180497105,0.19601203993244168,0.4647181223622049,0.6840659340659341,-2.028064153612178,-0.9888450316470261,0.15922102211357236,-0.3372525476184337,-0.7299289455317635,-0.11136712965680018,-0.8108342151808315,0.1937983598769973,1456,209.97056810403834,-0.41396655472846844,-0.27310506340154317,-0.2393597334533294,-0.4018959554882121
smart_ret,Intraday,-1,0.04368602741923588,0.1325689016773313,0.32953448034307126,0.6414835164835164,-2.03736154820497,-0.9871119055144357,0.30011426316931394,-0.2591568109662211,-0.699522410141959,-0.09740548497210122,-0.7171585096401201,0.3022266986618806,1456,209.70773442847366,-0.3604436758532561,-0.13098641757993756,-0.21445536025984435,-0.3077601516477121
vol_of_vol,Intraday,-1,0.08971724432810627,0.18291641851539314,0.4904821565579398,0.6957417582417582,-2.042590870289762,-0.9196892983296572,0.0962101550258037,-0.32640876310091227,-0.7074995481034766,-0.15204186765141836,-0.8018995642402552,0.20675989423600294,1456,209.97056810403834,-0.4387784302340795,-0.24608445960521885,-0.2764501803735583,-0.3246314823699874
max_sell_pressure_1h,Intraday,-1,0.04419531586548772,0.1174738742332123,0.3762139658015393,0.6559065934065934,-2.0774782578275497,-0.7034311674448582,0.07832526416156607,-0.2397747401345115,-0.6155753553974764,-0.21652915525133187,-0.674595788578934,0.33502246127102847,1456,209.97056810403834,-0.43899746002081685,-0.07591535865759813,-0.052617518614080705,-0.3178623895834044
intraday_idio_vol,Intraday,-1,0.10095810865907162,0.1974208583186931,0.5113851920461452,0.7051546391752577,-2.134254400917487,-1.011006078072815,0.09205051769381507,-0.3609435575765475,-0.7379748984261918,-0.1552189665005591,-0.839537731109051,0.16781111225138107,1455,208.92470910335388,-0.44697378462805615,-0.2643067304030996,-0.2677935901420492,-0.4366935972413878
lambda_stability,Intraday,-1,0.05223002858885834,0.11418675950796085,0.4574087594729351,0.6785714285714286,-2.1557809572402324,-0.7432257493769429,0.12820981600113146,-0.2430526438583973,-0.6408350033031252,-0.18585746313213414,-0.6693368998420686,0.32929718134156094,1456,208.5359342915811,-0.2642009697021551,-0.09686669198596654,-0.14173708292939213,-0.4226268360089934
intraday_idio_kurt,Intraday,-1,0.08550699969151955,0.1539160046665359,0.5555432284078643,0.7230240549828179,-2.3445178351654423,-0.9565530752470482,0.09712060207922905,-0.32411045006504524,-0.7017278093121813,-0.17138807017482316,-0.7995756462956483,0.2098134845624446,1455,208.6618754277892,-0.45688245953066553,-0.25626324542416146,-0.24487480359633973,-0.312137931147086
price_impact_lambda,Intraday,-1,0.1010443965765949,0.18972020487131921,0.532596890874965,0.7142857142857143,-2.4625569174175874,-1.0254155552311977,-0.033258386382183903,-0.39462417841261876,-0.7466858784341598,-0.23364927008277547,-0.8659975835300244,0.13504827840548883,1456,208.5359342915811,-0.5332327565915097,-0.26168666113270866,-0.291194951597492,-0.4471323680340479
fuzzy_vol_corr,Intraday,-1,0.05289017246225333,0.11204958233279505,0.47202467551301625,0.6895604395604396,-3.211195320009698,-0.9879544754112427,0.061351889959335285,-0.3246506556971869,-0.6901536388397316,-0.23461799963211727,-0.7930933221733465,0.20892100734437083,1456,208.5359342915811,-0.3244309000636906,-0.328931713647883,-0.24743286470784842,-0.3876490862312292
